Algorithm,Silhouette Score,Davies-Bouldin Index,Calinski-Harabasz Score
KMeans,0.1740415456524452,1.8850376353016935,24.332341947714877
AgglomerativeClustering,0.16512751908771814,1.5692222500477528,24.120138357689026
Birch,0.16512751908771814,1.5692222500477528,24.120138357689026
SpectralClustering,0.3239104848832673,0.5127517560775535,3.4872022987395197
GaussianMixture,0.12153760306697323,1.9391128204065893,22.95116840740327
