Algorithm,Silhouette Score,Davies-Bouldin Index,Calinski-Harabasz Score
KMeans,0.21848294367154394,1.4719373136096678,38.1047719630083
AgglomerativeClustering,0.280558762527361,1.1293872823345543,37.94895971025282
Birch,0.280558762527361,1.1293872823345543,37.94895971025282
MeanShift,0.19728165172713177,0.9289115605183196,5.2030681806308
SpectralClustering,-0.06562315161115498,6.587207315967105,2.8104595896642057
OPTICS,-0.18284165891679643,2.4636996848239976,7.502636162653862
AffinityPropagation,0.17545125311071447,1.4415368761025773,27.535639225564672
GaussianMixture,0.2608630826396025,1.4688956690218056,37.71998021884525
