Algorithm,Silhouette Score,Davies-Bouldin Index,Calinski-Harabasz Score
KMeans,0.22679130746357237,1.2418993169090664,24.230929857822712
AgglomerativeClustering,0.2110065749496504,1.2374234752146906,24.22332273755201
Birch,0.22793778372275328,1.195142852865866,25.754859650183672
SpectralClustering,0.32309866479431587,0.4620666715531001,4.526778219707587
GaussianMixture,0.18273905905663276,1.34867443004004,21.53526864430544
