Algorithm,Silhouette Score,Davies-Bouldin Index,Calinski-Harabasz Score
KMeans,0.10872555364071275,2.0808571921037005,19.630666432125615
AgglomerativeClustering,0.12278089903543676,1.712938972644137,21.362696649249887
Birch,0.12278089903543676,1.712938972644137,21.362696649249887
SpectralClustering,0.465001619396087,0.40358662507725884,5.300243999893367
GaussianMixture,0.10320167646777628,1.8097599581353625,21.144477720536198
